SUBDIVISION,YEAR,annual_lag_1,annual_lag_2,annual_lag_3,annual_roll_3_mean,annual_roll_5_mean,annual_roll_5_std,winter_lag_1,pre_monsoon_lag_1,monsoon_lag_1,post_monsoon_lag_1,hist_mean_annual,predicted_2016_forecast_mm,historical_mean_rainfall_mm,diff_from_historical_mean_mm,percentage_diff_pct,forecast_type
ANDAMAN & NICOBAR ISLANDS,2016,2904.5,2622.5,3757.7,3094.9,3322.06,533.93,134.4,473.2,1678.6,618.3,2927.44,2998.0,2927.44,70.6,2.4,MODEL_FORECAST_OUT_OF_SAMPLE
ARUNACHAL PRADESH,2016,2767.5,2403.1,2042.9,2404.5,2569.52,557.71,78.3,623.5,1936.9,128.8,3418.87,2605.1,3418.87,-813.8,-23.8,MODEL_FORECAST_OUT_OF_SAMPLE
ASSAM & MEGHALAYA,2016,2471.0,2206.2,1816.5,2164.57,2169.32,384.66,28.9,620.9,1729.4,91.8,2580.7,2311.0,2580.7,-269.7,-10.5,MODEL_FORECAST_OUT_OF_SAMPLE
BIHAR,2016,872.7,1061.0,1069.8,1001.17,1026.64,89.12,14.6,105.4,742.3,10.4,1197.64,1024.3,1197.64,-173.3,-14.5,MODEL_FORECAST_OUT_OF_SAMPLE
CHHATTISGARH,2016,1117.7,1278.6,1420.0,1272.1,1299.26,116.28,17.0,71.2,1009.7,19.8,1371.73,1317.2,1371.73,-54.5,-4.0,MODEL_FORECAST_OUT_OF_SAMPLE
COASTAL ANDHRA PRADESH,2016,1011.0,875.1,1120.4,1002.17,1037.32,189.52,2.6,71.9,793.6,142.9,1052.9,998.4,1052.9,-54.5,-5.2,MODEL_FORECAST_OUT_OF_SAMPLE
COASTAL KARNATAKA,2016,3105.9,3684.5,4229.5,3673.3,3732.12,473.62,2.4,254.8,2501.7,347.0,3408.42,3553.1,3408.42,144.7,4.2,MODEL_FORECAST_OUT_OF_SAMPLE
EAST MADHYA PRADESH,2016,939.2,925.0,1521.9,1128.7,1142.9,254.05,48.3,105.5,745.1,40.3,1205.0,1190.7,1205.0,-14.3,-1.2,MODEL_FORECAST_OUT_OF_SAMPLE
EAST RAJASTHAN,2016,650.7,683.3,836.0,723.33,733.12,80.88,12.2,75.3,556.9,6.3,655.21,701.3,655.21,46.1,7.0,MODEL_FORECAST_OUT_OF_SAMPLE
EAST UTTAR PRADESH,2016,603.3,701.2,1041.2,781.9,745.92,181.17,34.1,80.0,472.0,17.2,979.21,779.1,979.21,-200.1,-20.4,MODEL_FORECAST_OUT_OF_SAMPLE
GANGETIC WEST BENGAL,2016,1530.2,1261.3,1764.0,1518.5,1501.98,232.45,18.4,165.6,1304.9,41.3,1490.49,1514.3,1490.49,23.8,1.6,MODEL_FORECAST_OUT_OF_SAMPLE
GUJARAT REGION,2016,623.0,705.7,1118.4,815.7,810.26,197.89,1.8,12.5,606.2,2.5,918.2,861.3,918.2,-56.9,-6.2,MODEL_FORECAST_OUT_OF_SAMPLE
HARYANA DELHI & CHANDIGARH,2016,435.5,305.5,461.3,400.77,421.14,78.03,19.0,115.0,295.3,6.2,530.49,553.8,530.49,23.3,4.4,MODEL_FORECAST_OUT_OF_SAMPLE
HIMACHAL PRADESH,2016,1210.5,1008.9,1212.0,1143.8,1098.26,117.37,223.8,322.4,607.1,57.2,1260.34,1060.3,1260.34,-200.0,-15.9,MODEL_FORECAST_OUT_OF_SAMPLE
JAMMU & KASHMIR,2016,1572.9,1093.5,859.3,1175.23,1089.6,287.42,215.1,579.3,614.0,164.5,1139.68,1065.4,1139.68,-74.3,-6.5,MODEL_FORECAST_OUT_OF_SAMPLE
JHARKHAND,2016,1081.8,1156.6,1253.5,1163.97,1186.28,128.95,14.8,102.6,938.8,25.6,1309.3,1222.6,1309.3,-86.7,-6.6,MODEL_FORECAST_OUT_OF_SAMPLE
KERALA,2016,2600.7,3046.6,3255.5,2967.6,2817.86,442.36,8.9,466.0,1514.7,611.1,2925.5,2949.6,2925.5,24.1,0.8,MODEL_FORECAST_OUT_OF_SAMPLE
KONKAN & GOA,2016,2081.8,2757.7,3523.9,2787.8,3041.4,679.89,2.7,51.7,1908.7,118.7,2977.68,2887.7,2977.68,-90.0,-3.0,MODEL_FORECAST_OUT_OF_SAMPLE
LAKSHADWEEP,2016,1642.9,1395.0,1426.3,1488.07,1480.68,106.16,2.7,223.9,860.9,555.4,1590.89,1518.1,1590.89,-72.8,-4.6,MODEL_FORECAST_OUT_OF_SAMPLE
MADHYA MAHARASHTRA,2016,644.5,838.0,962.5,815.0,797.5,129.28,2.2,75.2,502.5,64.6,880.22,816.7,880.22,-63.5,-7.2,MODEL_FORECAST_OUT_OF_SAMPLE
MARATHWADA,2016,532.1,548.9,887.9,656.3,631.86,153.67,11.7,83.9,412.2,24.3,790.68,657.6,790.68,-133.1,-16.8,MODEL_FORECAST_OUT_OF_SAMPLE
NAGA MANI MIZO TRIPURA,2016,1922.2,1599.9,1557.1,1693.07,1778.88,183.97,28.6,473.4,1287.6,132.6,2433.64,1538.9,2433.64,-894.7,-36.8,MODEL_FORECAST_OUT_OF_SAMPLE
NORTH INTERIOR KARNATAKA,2016,551.9,756.7,723.4,677.33,654.18,87.63,2.4,123.6,357.3,68.6,717.79,720.4,717.79,2.6,0.4,MODEL_FORECAST_OUT_OF_SAMPLE
ORISSA,2016,1210.0,1537.0,1632.3,1459.77,1426.3,164.54,18.4,110.7,1034.4,46.5,1458.17,1444.2,1458.17,-14.0,-1.0,MODEL_FORECAST_OUT_OF_SAMPLE
PUNJAB,2016,510.8,382.9,586.6,493.43,535.78,119.41,49.0,115.0,336.3,10.5,593.54,581.9,593.54,-11.6,-2.0,MODEL_FORECAST_OUT_OF_SAMPLE
RAYALASEEMA,2016,1047.1,551.9,762.6,787.2,762.98,179.02,1.9,126.5,376.0,542.7,766.21,771.5,766.21,5.3,0.7,MODEL_FORECAST_OUT_OF_SAMPLE
SAURASHTRA & KUTCH,2016,441.6,383.9,681.6,502.37,514.66,186.14,0.9,7.3,429.8,3.6,495.14,511.1,495.14,16.0,3.2,MODEL_FORECAST_OUT_OF_SAMPLE
SOUTH INTERIOR KARNATAKA,2016,1112.5,1184.1,1110.6,1135.73,1074.5,115.69,1.9,230.2,631.8,248.6,1040.38,1053.0,1040.38,12.6,1.2,MODEL_FORECAST_OUT_OF_SAMPLE
SUB HIMALAYAN WEST BENGAL & SIKKIM,2016,2518.5,2322.5,2406.1,2415.7,2459.64,118.97,30.7,518.4,1883.0,86.4,2752.2,2606.0,2752.2,-146.2,-5.3,MODEL_FORECAST_OUT_OF_SAMPLE
TAMIL NADU,2016,1204.6,913.0,742.0,953.2,884.5,216.23,10.6,242.9,285.9,665.2,943.73,972.2,943.73,28.5,3.0,MODEL_FORECAST_OUT_OF_SAMPLE
TELANGANA,2016,857.2,746.4,1348.7,984.1,942.8,250.48,17.5,132.0,690.1,17.6,953.37,983.7,953.37,30.3,3.2,MODEL_FORECAST_OUT_OF_SAMPLE
UTTARAKHAND,2016,1247.6,1287.5,1735.3,1423.47,1411.78,226.78,117.1,222.6,881.5,26.4,1465.69,1431.4,1465.69,-34.3,-2.3,MODEL_FORECAST_OUT_OF_SAMPLE
VIDARBHA,2016,993.6,919.0,1520.2,1144.27,1086.74,256.24,31.0,107.2,848.2,7.2,1095.46,1058.7,1095.46,-36.8,-3.4,MODEL_FORECAST_OUT_OF_SAMPLE
WEST MADHYA PRADESH,2016,1042.2,864.8,1396.2,1101.07,1080.46,193.64,46.6,68.8,914.5,12.3,944.34,1021.5,944.34,77.2,8.2,MODEL_FORECAST_OUT_OF_SAMPLE
WEST RAJASTHAN,2016,458.5,302.4,389.5,383.47,379.28,64.32,2.3,71.0,384.0,1.2,292.66,301.2,292.66,8.5,2.9,MODEL_FORECAST_OUT_OF_SAMPLE
WEST UTTAR PRADESH,2016,582.8,486.8,932.7,667.43,633.84,220.1,38.8,95.9,436.2,11.9,827.11,605.9,827.11,-221.2,-26.7,MODEL_FORECAST_OUT_OF_SAMPLE
